Input_data,loss
obsv,245.79693940325873
intv,6714.408016319909
ood,326.8137837903586
ood_intv,1150.3723489107697
diff_mod,12099.226061364992
diff_mod_rand,30846.560160954446
