Input_data,loss
obsv,14.33724632112775
intv,9964.343287636073
diff_mod,4789.693535743348
diff_mod_rand,20956.72830042274
