Input_data,loss
obsv,51.44977860864589
intv,9765.50141248239
ood,206.25664638861753
ood_intv,6838.3556446869325
diff_mod,5804.775553928824
diff_mod_rand,24445.095316575735
