Input_data,loss
obsv,6.136231408192444e-06
intv,0.0006409731317641706
diff_mod,0.0005832804827164229
diff_mod_rand,4.031056842996039e-07
