Input_data,loss
obsv,8.688872398964764e-06
intv,0.0009076717847037543
ood,0.3343450916032701
ood_intv,0.34045245664683904
diff_mod,0.0002707355589883519
diff_mod_rand,5.709315634796116e-07
