Input_data,loss
obsv,0.0003269218877267127
intv,0.0002986813902124302
diff_mod,143.67578921963053
diff_mod_rand,0.007189637335949755
