Input_data,loss
obsv,0.00046295974168329625
intv,0.0004229757804354759
ood,138.0201238745587
ood_intv,3.1784337488762833
diff_mod,117.18541178709269
diff_mod_rand,0.010181264086958361
