Input_data,A,A_var,B,B_var,C,C_var,D,D_var,E,E_var,Avg_variances
obsv,3.496748989362854,0.0014944094705152402,0.0007462864636320065,5.086129996595416e-05,0.0019589191177554225,0.00013514856045379037,0.5011443800289667,0.00010842649357931198,-0.002902920936429312,0.000179055390053931,0.0003935802429136456
intv,3.4985166388681392,0.0006816913664359626,0.0005034250005121109,1.6024269813095055e-05,0.00018880034470365438,2.4740494127596784e-05,0.5000025759462468,4.127674234398369e-05,-0.002802019855333784,2.9309615973177345e-05,0.0001586084977387631
ood_obsv,3.503900233284231,0.0015239275190328367,-0.00034423705921399287,0.00037221504455579873,0.0010246020812744745,8.363384012656495e-06,0.49983367109570764,1.3856061832226428e-05,0.002272744564768694,0.0003698502740833146,0.00045764245670336655
ood_intv,3.5020126462175325,0.0012584471062348354,-0.0018441514383903388,2.9835653082900478e-05,0.0008493936488349142,1.7474933095416174e-06,0.4996393213822414,2.4076460673130486e-05,0.0011710260623911824,3.1181196000693654e-05,0.00026905758186022033
diff_mod,3.500237993225338,0.0023471284245708823,-7.688897324320621e-05,6.701692027599637e-05,-0.0007014452217093958,0.0002397803387309291,0.5053704959784657,0.000960276014109781,-0.004035865211701296,0.00030677948003114534,0.0007841962355437469
rand_mod,3.502630289077441,0.005114153292433452,0.002051602101146282,0.0006417475606326038,8.005475585324753e-05,2.621979310999128e-05,0.49868958365525545,0.0003475163490841026,-0.0026651668777944782,0.00027577379728585197,0.0012810821585092004
Total,3.5006744650059205,0.0020760058028738084,0.00017267268240714348,0.00019767776836467971,0.0005667207877853865,7.33692919792253e-05,0.5007800046811475,0.00025396741041901053,-0.0014937003756831657,0.0002041281943626769,0.0005610296935998802
Var_of_avg,3.5006744650059223,6.046273003274765e-06,0.00017267268240714353,1.3943103102884338e-06,0.0005667207877853862,7.026146884743518e-07,0.5007800046811473,4.729390148588079e-06,-0.0014937003756831657,5.469902124657794e-06
Average_total_variance,0.0005610296935998802
