Input_data,A,A_var,B,B_var,C,C_var,D,D_var,E,E_var,Avg_variances
obsv,3.4812284545986945,0.01055828088437205,0.016617000041051978,0.0008778727340379771,-0.0007147621716950821,0.0003919578807498492,0.47272400861480146,0.00689693554593519,-0.001668434852860689,0.0004768819997274543,0.003840385808964504
intv,3.491966798075864,0.002710233930093737,0.013991215120301593,0.00034498693939936486,-0.004543183342096216,0.00019743866952195218,0.4796831558360153,0.004295756071671519,0.0011014872084346148,6.485548996454078e-05,0.0015226542201302229
ood_obsv,3.494769153094124,0.002235063659951653,0.00503126853528767,0.0016141994556222556,0.006960230290359588,0.006198338062141139,0.4983611208232418,0.0029010207649195928,0.004267932126339152,0.0005487952712669023,0.002699483442780309
ood_intv,3.494494676593023,0.004337046607326923,0.004378370799373585,8.069733567067201e-05,6.109787646610457e-06,6.215388554864885e-05,0.5001123480912727,0.0004758978081896138,0.0017536821580074696,2.6579571571553736e-05,0.0009964750416614821
diff_mod,3.4946738292347153,0.0502127281835075,-0.025144030582150142,0.01892223543915262,0.005328226048795607,0.00429408282985544,0.513403663182312,0.01189967534611382,0.003826384476304898,0.003398578458377365,0.017745460051401346
rand_mod,3.4612941033921247,0.05261339618067248,3.0753021175296476e-05,0.011737073145110542,-0.003773462955124703,0.0005154737181801785,0.5047224487740128,0.01118150899755511,-0.009839373419814793,0.007896974288931352,0.016788885266089935
Total,3.486404502498091,0.02059313537571559,0.002484096155840002,0.00578143774187116,0.000543859609647634,0.0019616492674523795,0.49483445755360944,0.0064753516134664684,-9.305371726489142e-05,0.0020915592013338964,0.007380626639967898
Var_of_avg,3.486404502498091,0.00014867713472822383,0.002484096155839998,0.00018526023370558648,0.0005438596096476341,1.840842645284284e-05,0.4948344575536094,0.00020021919106899164,-9.305371726489135e-05,2.278168802737017e-05
Average_total_variance,0.007380626639967898
