Input_data,loss
obsv,549.8538820317083
intv,238.11594000122778
ood,2654.205986523304
ood_intv,2829.7444946799665
diff_mod,341.37441550221155
diff_mod_rand,234.94771151151963
