Input_data,loss
obsv,233.1004025277415
intv,50.185725668853806
ood,112538.2836850483
ood_intv,922.9563476002612
diff_mod,114.1932802529617
diff_mod_rand,60.86614660706274
