Input_data,loss
obsv,148.75446598074205
intv,13.306585908746348
diff_mod,29.121870491369627
diff_mod_rand,24.492907703132367
