Input_data,loss
obsv,13.220615087375434
intv,12.71518701185744
diff_mod,26.654230275466105
diff_mod_rand,24.492907703132367
