Input_data,loss
obsv,50.29032111734209
intv,50.16033216691776
ood,48640.2573397333
ood_intv,3712.9041158342857
diff_mod,118.6755054517571
diff_mod_rand,60.86614660706274
