Input_data,loss
obsv,234.3236484185384
intv,237.53786596932963
ood,17902.409602745443
ood_intv,6819.200179851912
diff_mod,363.7365082510384
diff_mod_rand,234.94771151151963
