Input_data,loss
obsv,215.81579733844185
intv,29611.94859769605
diff_mod,31491.274194318852
diff_mod_rand,32849.57970000353
