Input_data,loss
obsv,199.6424603262631
intv,28345.281592127172
ood,75704.26109327818
ood_intv,169083.01256514006
diff_mod,30337.538107398643
diff_mod_rand,30460.045753972965
