Input_data,loss
obsv,16.052566473618167
intv,540.1117275078907
ood,104677.83342887882
ood_intv,115193.66686191045
diff_mod,691.6440640307571
diff_mod_rand,1108.7968983923743
