Input_data,A,A_var,B,B_var,C,C_var,D,D_var,E,E_var,Avg_variances
obsv,0.22103172476742028,1.8732055068858644,0.02647877430169182,0.030565818444717785,0.6557618204756657,0.020075652695795185,-0.1617343016929164,0.0037051287740902956,0.0033767925018943503,1.773384751160021e-05,0.3855139681295959
intv,0.640241493686132,72.8384943476879,-0.03212175254009196,0.8668549841273419,0.6320900687357768,0.422431329697857,-0.0692235391005009,3.978077850602758,0.0049393987294218036,0.0001061388756451181,15.621192930198301
ood_obsv,0.21885328090710743,0.1648856625233166,0.07671518660230155,0.06566847846439602,0.6467007582134586,0.017370011675367385,-0.18583109631703898,0.027773904002741292,0.003235863202614267,0.00043686525444272756,0.05522698438405281
ood_intv,0.21178502779618888,0.23071719903599444,0.08155485672627552,0.00267908575352843,0.6550755066647082,0.0050218922987111435,-0.18633589777228254,0.0028616641028737823,0.0005289617327366731,0.0022157511556996166,0.04869911846936148
diff_mod,0.5151722341195313,31.279743642562323,-0.022105338076122784,0.2581613656016469,0.6559188906136683,0.01960439836561931,-0.13837681900752521,0.14770874648265575,0.012324866363921175,0.008787600213376469,6.3428011506451245
rand_mod,0.2509958742000563,0.1196155815831076,-0.005214158360343927,0.017890084328120625,0.6480761849736151,0.23283254752279492,-0.14764958322252333,0.006944980662830559,0.011860443401330328,0.004024083418189351,0.07626145550300861
Total,0.3430132725794058,17.780104753185274,0.020884594775618395,0.2089979998884671,0.6489372049461488,0.1196263998939821,-0.14819187285213092,0.6960766628137564,0.006044387655319756,0.0026180147465421125,3.761484766105604
Var_of_avg,0.343013272579406,0.02899442980548401,0.02088459477561837,0.0020280304351753043,0.6489372049461488,7.042785129098815e-05,-0.14819187285213123,0.001564617042430315,0.006044387655319766,1.998595239796338e-05
Average_total_variance,3.761484766105604
