Input_data,A,A_var,B,B_var,C,C_var,D,D_var,E,E_var,Avg_variances
obsv,3.506218370709077,0.0014768765937525552,0.0019412215951752443,0.00013919500651809672,-0.000525276935612942,1.414689338720219e-05,0.50479895820816,0.0007135271929624207,0.002072083449504471,0.0004307457597403126,0.0005548982892721175
intv,3.5010494627403124,0.0009345764439206712,0.002536554876667324,0.00017436440331572434,0.000565276460424621,1.4765048102275879e-05,0.5021660931804565,4.4588653516214276e-05,0.00021958386110550315,0.00020241243305704477,0.0002741413963823861
ood_obsv,3.499131864990019,0.00017821120289530844,-0.0067661007734681556,0.00016857507596077317,-0.00016292833379719562,1.6075493022697541e-06,0.5015590051248242,9.510599296798455e-06,0.005542378663274778,0.001206568219750041,0.0003128945294410382
ood_intv,3.495132786994451,0.0014807389538316837,-0.003201342654166536,0.00017924705403894007,-0.00038860618950243127,3.487971454211097e-06,0.5008769388000346,2.437674315496017e-05,-0.0003996883880413562,6.464181372459852e-05,0.00035049850724087867
diff_mod,3.4980379082821553,0.00015002200338001988,0.0009727223355997644,2.5255865023356975e-05,-0.00025445559466535575,2.6009559932777022e-05,0.5003041932186572,0.00013351965318613278,0.0012668424087175735,0.0005966931159032355,0.00018630003948510442
rand_mod,3.498120308796862,0.0002782655485779217,0.003589940668860441,0.001419140212388474,-0.0009054436757584551,0.00011346786214466366,0.5008025801335628,0.00015800086718978381,0.004358671616427651,0.0011748606343600495,0.0006287470249321785
Total,3.4996151170854826,0.0007615663178824943,-0.0001545006585553202,0.0003642832372770908,-0.00027857237815195955,2.911280975868038e-05,0.5017512947776156,0.00018279660924851157,0.0021766452684981036,0.0006172196059471395,0.0003909957160227833
Var_of_avg,3.4996151170854795,1.1784526822800004e-05,-0.00015450065855531964,1.3320301069530092e-05,-0.00027857237815195977,1.986623714471154e-07,0.5017512947776158,2.2093243641265785e-06,0.002176645268498103,4.5659431912588756e-06
Average_total_variance,0.0003909957160227833
