Input_data,A,A_var,B,B_var,C,C_var,D,D_var,E,E_var,Avg_variances
obsv,2.724555430913729,0.08203899757027842,0.358474076492392,0.028686206491398383,0.13465680270276306,0.04606928699770308,0.1641116764707008,0.0017917289051954317,0.006037237992508528,0.0012228177176132119,0.03196180753643771
intv,2.7168811688136674,0.125826010508212,0.37803681783941373,0.0030982234860419504,0.16715180264121313,0.0026185916408696815,0.16294425646369853,0.0004924850935211973,-0.0010273847325707275,0.0008573777887363099,0.026578537703476228
ood_obsv,2.7015292577974055,1.2244641326578278,0.42913496107345106,0.005871486883653654,0.12258471399452082,0.11478142018379885,0.1334878334010593,0.0019599086039953544,0.007337526201150727,0.017208968366011206,0.2728571833390574
ood_intv,2.7088088499652074,0.9489754197440473,0.4305166627326173,0.0015734207051672727,0.1436672161687381,0.008729731602036222,0.1256993437518618,0.001774361157849906,0.015476939259224385,0.000691728689426033,0.19234893237970535
diff_mod,2.638375812004383,1.6495644810398256,0.35396419086281655,0.008967449411895126,0.1467003837512413,0.006865125942364317,0.169868751697024,0.0053173069889516315,0.009287949392866379,0.0073972709332117215,0.33562232686324966
rand_mod,2.521972696636255,9.508520756724101,0.3449136984248522,0.01984006827463925,0.1485596083710693,0.0010991469844993907,0.1667444358898028,0.011518959554931724,0.025937628170615512,0.2799124514437659,1.9641782765963876
Total,2.6686872026884423,2.2616609982325873,0.3825067345709238,0.012556910323262145,0.14388675460492414,0.030212222504350617,0.15380938294569133,0.004112115344873754,0.01050831604729913,0.05128632866040991,0.4719657150130967
Var_of_avg,2.668687202688441,0.005096031858538741,0.3825067345709239,0.0012174344477962112,0.14388675460492428,0.00018500527913867642,0.15380938294569121,0.00030299029413287604,0.010508316047299134,7.122617061586829e-05
Average_total_variance,0.4719657150130967
