Input_data,A,A_var,B,B_var,C,C_var,D,D_var,E,E_var,avg_loss
obsv,3.606543075737016,0.5811293890704259,-0.0014297716941843496,0.0002957892790680822,0.0005795390346127285,2.366913542327425e-06,0.4916719262494433,0.0024949773269249582,-0.003884412976670898,0.0004852203069418755,0
intv,3.491169527946103,0.005270551739737592,0.000502050832485433,1.9723027135197983e-05,-0.0012566465761056536,4.2104768808333594e-05,0.4993567490796034,2.371129888857831e-05,-0.00043388997260506644,9.60153404262882e-05,0
ood_obsv,3.500928907722315,4.376876886952796e-05,-0.001233609250040003,2.720073447625745e-05,0.0013922711728013434,9.802510186987592e-06,0.5002150491600247,1.1727476447266173e-05,0.0010572892159571318,2.1886061382242852e-05,0
ood_intv,3.501055170956277,0.00025396865380645036,-0.0028209243080926007,9.288474478100569e-06,0.0010601344432720724,2.9772940948017627e-06,0.4997577702999845,6.277134583769074e-06,0.0013887771672798622,2.0037943704527905e-05,0
diff_mod,3.507629250954583,0.0018502303077461433,0.0011676954664817942,4.0452907898858624e-05,0.006569678336698768,0.0013953775421589204,0.5033154130061314,0.0002596176298449838,-0.0025949870033442984,5.107330899894561e-05,0
rand_mod,3.498478902357577,0.00030697268174959593,0.00019711839696392856,6.0877202638679586e-05,0.0003073220636594785,2.1156130462661253e-06,0.4982939162887741,2.7433508556613267e-05,-0.002131830371856687,0.00010997457285627553,0
