Input_data,A,A_var,B,B_var,C,C_var,D,D_var,E,E_var,Avg_variances
obsv,3.495752851816034,0.0010812616352815338,0.0011073608365852314,3.787728154369168e-05,-0.0002337904314625299,5.218694428423826e-06,0.4981348568643545,5.5111564182868665e-05,-0.0005774183181876735,0.0001538451085849095,0.0002666628568042855
intv,3.498950243919193,0.0003480829811983758,0.0015177186814979765,1.9545951459900426e-05,-0.0005859508335501203,1.8919848090242649e-06,0.49979583525995463,6.3197929943700406e-06,0.0008947238254845851,3.663972510014308e-05,8.249608711236272e-05
ood_obsv,3.5053764276731005,0.0013076489312525907,0.0035182727040935727,6.534433739922477e-05,-0.00030006958239671514,7.846588234295619e-07,0.49722990590195126,0.00010969556335885578,0.0074973770324326386,0.0030722849585194324,0.0009111516898707067
ood_intv,3.5050436298172047,0.0005127212139076439,0.005489425143623958,0.00010634228690393485,-0.00038430230512363973,1.6437621484169875e-06,0.49747518776532695,7.322709249426337e-05,0.0009252858668304501,0.00011574002620186563,0.00016193487633122498
diff_mod,3.5022350600997503,0.0005005337049307775,0.0013627579017861046,2.2513108046044892e-05,-0.00040208194555082095,2.000830912507871e-06,0.49954765005584817,4.7527778867139736e-05,0.00036214226911677924,0.0001449140272490903,0.00014349789000111206
rand_mod,3.500289436305506,0.0004460211269293651,0.0015863655909405848,9.763488902881917e-05,-0.0001904200099630317,1.8431005735878564e-06,0.5000304218496943,2.523342807726813e-05,-0.003679650885594941,0.0009390033147721643,0.0003019471718762409
Total,3.5012746082717974,0.0007108475891380573,0.002430316809754567,6.070577162339234e-05,-0.00034943585134114276,2.247342540415358e-06,0.49870230961618794,5.413088403869613e-05,0.000903743298346974,0.0007548997308890961,0.0003165662636459314
Var_of_avg,3.5012746082717983,1.1469323554676226e-05,0.002430316809754571,2.4961292264564043e-06,-0.0003494358513411429,1.6837257850299513e-08,0.4987023096161883,1.278347376235212e-06,0.0009037432983469732,1.1161870817828561e-05
Average_total_variance,0.0003165662636459314
