Input_data,A,A_var,B,B_var,C,C_var,D,D_var,E,E_var
obsv,3.5000001509580336,1.582164236289163e-12,0.0,0.0,0.0,0.0,0.4999996264385685,2.6208611117256395e-11,0.0,0.00
intv,3.5000001824116675,2.174362984013082e-12,0.0,0.0,0.0,0.0,0.49999998809403545,6.74184945679259e-14,0.0,0.00
ood_obsv,3.5000003396063204,1.5751443654103566e-10,0.0,0.0,0.0,0.0,0.5000003854438465,5.327082337309126e-12,0.0,0.00
ood_intv,3.5000008511003324,2.6285071695871184e-10,0.0,0.0,0.0,0.0,0.4999999192979952,4.952871882461176e-13,0.0,0.00
diff_mod,3.5000000353455794,4.391090992660106e-12,0.0,0.0,0.0,0.0,0.4999999907262152,2.3554434633167386e-12,0.0,0.00
rand_mod,3.499999832898309,1.7243321468967665e-12,0.0,0.0,0.0,0.0,0.4999999675919129,2.4327814920914606e-13,0.0,0.00
Total,3.5000002320533734,7.180649168427688e-11,0.0,0.0,0.0,0.0,0.4999999795987621,5.831754906957244e-12,0.0,0.00
Avg,3.5000002320533734,1.0030770813070006e-13,0.0,0.0,0.0,0.0,0.49999997959876225,4.8901448614427764e-14,0.0,0.0
Average_total_variance,1.5527649318246826e-11
