Input_data,A,A_var,B,B_var,C,C_var,D,D_var,E,E_var,Avg_variances
obsv,3.503094231977347,0.07225747977802655,0.020021786990142426,0.008465968348997524,-0.002767104019055913,0.0005659194604019731,0.47563875725745225,0.018580904367050188,-0.0011685877958798796,0.0003640899184185949,0.020046872374578965
intv,3.5161257474782444,0.19339942535129695,-0.005780577814388721,0.02824801455676123,-0.0019121973565843229,0.005854402113497983,0.5192362478364996,1.043533641970523,-0.0008865819068488314,0.00022693887266083152,0.254252484572948
ood_obsv,3.5006906686131987,0.0016145785541765501,0.0033098707019792624,0.0018629188650788235,-0.0034463039809041742,0.0010315766552162595,0.5012965957345987,0.012913148068125485,1.731070870140339e-05,0.001155527779194506,0.003715549984358325
ood_intv,3.5044315909110124,0.011034296916323275,0.0036684422939787685,0.000659119528166588,-0.0016246245961271813,0.00012869541547384523,0.4937478486059457,0.005529386197602008,0.0015499152601839371,0.0005780548125879383,0.0035859105740307312
diff_mod,3.6137515723541807,5.895093820836569,-0.021080724384677986,0.11175900254684833,-0.0015848473184530247,0.00011458857350271523,0.5032763940164391,0.03939353505814353,-0.0028558375354550422,0.0037107222017195786,1.2100143338433564
rand_mod,3.537919525414179,0.5735192641724437,0.012573670555256019,0.020713744954321208,0.0013447925854845441,0.019748222721769026,0.38445336433216315,5.751904683094712,-0.005963278548821842,0.02623392424084693,1.2784239678368186
Total,3.5293355561246953,1.1260704095225085,0.0021187447237149618,0.028790504700639645,-0.001665047447606676,0.004576153438259307,0.4796082012971828,1.1472877299563977,-0.0015511766363533778,0.005383848598775625,0.4624217292433162
Var_of_avg,3.529335556124694,0.0015839319210353678,0.0021187447237149613,0.0001723765672773603,-0.0016650474476066785,2.2526149490056135e-06,0.4796082012971831,0.0019785134970385456,-0.0015511766363533758,5.6389612042265195e-06
Average_total_variance,0.4624217292433162
