Input_data,A,A_var,B,B_var,C,C_var,D,D_var,E,E_var,Avg_variances
obsv,3.4910845714147074,0.0013300930815638027,0.0016632640622816371,0.00011966293685915963,-0.0006173025403904246,0.00010813695246829473,0.4982679522654307,7.570334177289453e-05,-0.0025671685074888056,0.00028280204100241004,0.00038327967073331236
intv,3.493566234391383,0.0006374061678689733,0.001691466108587085,8.377899137276992e-05,0.0010251645828009707,1.3451712391885266e-05,0.4985859839005014,7.281001585677091e-05,-0.0012140267345641955,9.113778889433323e-05,0.00017971693527694653
ood_obsv,3.4959447161675343,0.0015361803404977182,-0.003431430335530039,6.506597999302444e-05,0.000515726715083688,6.0950287123524284e-06,0.5000098798187941,0.00019252978428551052,-0.0017797571164345168,0.00020269085332092138,0.0004005123973619054
ood_intv,3.497501587918776,0.0011461268065121764,-0.005952674433172268,0.0002235169555563251,0.0005724560831235629,3.4123138275910265e-05,0.5014771569644781,0.00016681077246427734,0.00018875987101163227,0.0001007693337023664,0.0003342694013022111
diff_mod,3.4974765054611625,0.0003412833418579794,-0.006447168007770731,0.0016570148832835078,0.0034710341085431545,0.0007258391965862389,0.5025535176965298,0.00010430825908678136,-0.00011203526203272837,0.00037792483830274436,0.0006412741038234503
rand_mod,3.4663184205975246,0.06615732712294772,0.0014325778268974043,0.0033237289613680847,0.0031620902209560852,0.00011303392501923253,0.5040619015525717,0.0004915490063618316,-0.0008069525774119697,0.018106347088671083,0.01763839722087359
Total,3.490315339325182,0.0119783405598864,-0.0018406607964511533,0.000924815886995029,0.0013548615283528402,0.00016895644201599076,0.5008260653663836,0.00018830298232218236,-0.0010485300544867625,0.0031945010928909156,0.0032909833928221033
Var_of_avg,3.4903153393251816,0.00012027108301167677,-0.0018406607964511522,1.2687768922883714e-05,0.0013548615283528395,2.1764497736717772e-06,0.5008260653663844,4.35111901750515e-06,-0.001048530054486764,8.891022419401677e-07
Average_total_variance,0.0032909833928221033
