Input_data,A,A_var,B,B_var,C,C_var,D,D_var,E,E_var,avg_loss
obsv,3.578864799609849,0.38709156182402915,0.01262419083785134,0.01910304245290354,-0.0007321180783661166,1.2996959010063943e-05,0.4894222917251352,0.008150864890885944,-0.0006155925550238553,0.00013309923108114111,0
intv,3.5336525385406192,0.15316668474577136,-0.0016904527808267978,0.00011627424479910059,0.0031518493835522993,0.00014099994936703342,0.49892033000534364,0.00018252736959867538,0.0018705345403273194,1.3820407862037634e-05,0
ood_obsv,3.4994586075458005,0.0003672749008829825,-0.008552805369234848,0.0001740092245159147,-0.0005645191507819224,9.762422381365648e-06,0.505288028263227,9.10441832883895e-05,0.0007347651846581939,3.873519782671138e-05,0
ood_intv,3.499244924821426,0.000608264695055672,-0.00711042620037908,8.279675555979981e-05,-0.001140992254900544,6.1498517401795e-06,0.504569094085168,2.922341375704508e-05,0.002141159617211994,1.4011843593150237e-05,0
diff_mod,3.5129097934746056,0.007820442609292875,-0.010256814793107583,0.0015084687822177437,-0.04143597897261663,0.097061191454191,0.5053727465161342,0.0009039989627533039,0.0009581699791439585,0.0001040832261536439,0
rand_mod,3.496109393222233,0.026068691057893657,0.001155145248243363,0.0022050600951054287,0.0012934050913456956,0.00031525782328042874,0.5016622475553284,0.0007198396200690928,0.0033011290603976863,0.0005029960638242281,0
