Input_data,A,A_var,B,B_var,C,C_var,D,D_var,E,E_var,Avg_variances
obsv,2.2225524197010746,0.0891164844973109,0.44777362404052373,0.02789653025714608,0.23766557118207374,0.0038667793050388695,0.017033332494578474,0.009530978549591606,0.014421155797589895,0.0033908456881423716,0.026760323659445966
intv,2.2280474161598525,0.10408229495624229,0.4651755340623646,0.0026711103111489803,0.2456526715612558,0.00033823444541626586,0.020825279669378655,0.002659304164343476,0.001964607969705789,0.0008830924599240631,0.022126807267415012
ood_obsv,2.1491717217112827,0.40903195074214077,0.4239495781729832,0.006159315336541629,0.2274470713471059,0.18575976267821773,0.006977937560233821,0.002678481464248136,0.03319502271183613,0.058546491888971354,0.1324352004220239
ood_intv,2.1106793672486117,1.0598986903426058,0.41159542482995065,0.0020374719584648564,0.26546336712774043,0.0036793847385400967,0.03265414501137169,0.007766057381300529,0.01827876988898771,0.003619879444799151,0.2154002967731421
diff_mod,2.255812474126338,0.024969354073969864,0.40666668222649427,0.13086321784026073,0.238702780080065,0.00814991006616262,0.024529661802538287,0.002018271874508435,0.048511886200663275,0.02859157312664229,0.038918465396308784
rand_mod,2.1901902513071683,1.550213877766016,0.45847353978360866,0.02544961027185249,0.24252101481179505,0.0009860924623967683,0.027971193742072954,0.01872564922106297,0.022230394823386443,0.028113644599708932,0.3246977748642074
Total,2.1927422750423866,0.5420108044804941,0.43560573051932105,0.03302874212886543,0.24290874601833898,0.033930133084585194,0.02166525838002899,0.0072975576011191775,0.023100306232028227,0.020739871376227313,0.12740142173425822
Var_of_avg,2.192742275042388,0.0024586957507797707,0.43560573051932083,0.0005158661329629945,0.24290874601833934,0.00013343913528981227,0.021665258380028984,6.77671586099838e-05,0.023100306232028207,0.00021561684152928928
Average_total_variance,0.12740142173425822
