Input_data,A,A_var,B,B_var,C,C_var,D,D_var,E,E_var,avg_loss
obsv,0.15555136878071638,0.3843837633220987,0.05406543648868868,0.06933953361539263,0.6796391735449048,8.260861707189382e-05,-0.2181344195351212,0.0030252899348460517,-0.0014573523405515296,5.813938882364062e-05,0
intv,0.18413779697460872,0.9441929134147274,0.10105689695756867,0.007154632099174918,0.6935802225053319,0.0013857814668576946,-0.23290351590688307,0.001612003514574786,0.0013769674273724586,2.8143373231605488e-05,0
ood_obsv,0.11899062128811039,0.0044171225990867835,0.12215030279822094,0.0015364258622905752,0.6765632262720606,0.0001050352650502865,-0.23964991771583263,0.00039139422704800837,-0.0029915309869658208,2.4196212252092238e-05,0
ood_intv,0.11414607996891993,0.002298649894817514,0.13001089270260538,0.005858329718597275,0.6806575282014173,0.0002904204102662487,-0.24641493770653194,0.0015573934037406223,-0.0029598930958187834,3.642124364044885e-05,0
diff_mod,0.05316749930076685,0.04402596041714753,0.07209519941614154,0.0029911599763555513,0.7145368223058722,0.12299055099608075,-0.22946249471934316,0.005364612556292455,0.00047903931714505507,7.365296736421684e-05,0
rand_mod,0.0893236957999057,0.0018365958286000726,0.07419817838336465,0.005907061064494651,0.6868023890788565,0.002744120693447552,-0.2202722367545045,0.0012610777452089128,-0.0016287155888117036,0.00024262045297841468,0
