Input_data,loss
obsv,44.61741283375399
intv,49.661286755632254
ood,105556.57124581045
ood_intv,1881.2410066657676
diff_mod,395.4497733217936
diff_mod_rand,50.6218093973508
