Input_data,loss
obsv,223.15157690960385
intv,235.1063872450444
ood,12815.83540653461
ood_intv,5770.704095921605
diff_mod,227.26852750407457
diff_mod_rand,236.30402121193248
