Input_data,loss
obsv,9.957758730286733
intv,12.760718325652803
diff_mod,374.2199516333682
diff_mod_rand,13.854546012354161
