Input_data,loss
obsv,15.371659656098345
intv,13.607354829094062
diff_mod,314.0257797543914
diff_mod_rand,24.492907703132367
