Input_data,loss
obsv,22.8244057085318
intv,50.9856551284771
ood,77739.05628608559
ood_intv,38001.72075183459
diff_mod,348.9681965574146
diff_mod_rand,60.86614660706274
