Input_data,loss
obsv,30.66283868158797
intv,235.76167032256518
ood,60087.0110521439
ood_intv,74914.95339562034
diff_mod,259.50630203219026
diff_mod_rand,234.94771151151963
