Input_data,loss
obsv,0.00038475902897457516
intv,0.00027715187932448215
diff_mod,20.672048807644934
diff_mod_rand,0.0002040298273931326
