Input_data,loss
obsv,0.000544849798288163
intv,0.000392466953973115
ood,63.8254790779274
ood_intv,13.42542900604395
diff_mod,7.81641238872356
diff_mod_rand,0.000288926669849216
