Input_data,loss
obsv,0.0002659481512833827
intv,0.001993267384069802
diff_mod,0.0019661568316114183
diff_mod_rand,1.888864730106854e-08
