Input_data,loss
obsv,0.0003766210844049062
intv,0.0010014730888927962
ood,136.1749948026593
ood_intv,101.49364464718805
diff_mod,0.0018275220223141556
diff_mod_rand,2.68896831099689e-08
