Input_data,loss
obsv,4.838221838433882e-06
intv,0.01646422256413532
diff_mod,0.00017831499979542245
diff_mod_rand,0.018158377250841844
