Input_data,loss
obsv,6.85320905295513e-06
intv,0.00794632126934172
ood,211.96905947311325
ood_intv,27.027932163738527
diff_mod,0.0002525069113589246
diff_mod_rand,0.025714167676201723
