Input_data,loss
obsv,60.86614660706274
intv,41.316779053313375
ood,405.42072122446785
ood_intv,445.56843075298616
diff_mod,212.67922199305832
diff_mod_rand,60.86614660706274
