Input_data,loss
obsv,234.94771151151963
intv,132.71210246292526
ood,477.5715666471184
ood_intv,463.2210178157994
diff_mod,141.48747857166697
diff_mod_rand,234.94771151151963
