Input_data,loss
obsv,24.492907703132367
intv,26.849821787013205
diff_mod,194.56227466629392
diff_mod_rand,24.492907703132367
