Input_data,loss
obsv,193.66600970340951
intv,94.18745934159378
ood,59.11541214767967
ood_intv,97.4923027635333
diff_mod,108.29129630354066
diff_mod_rand,132.98577723513498
