Input_data,loss
obsv,2.814240836520779
intv,17.174046645349943
diff_mod,59.6211448070495
diff_mod_rand,65.68484253939819
