Input_data,loss
obsv,228.58036612733625
intv,0.00023659633010443068
ood,146.6939912158767
ood_intv,36.12819711656878
diff_mod,6.444117999284997e-05
diff_mod_rand,0.0001463622531551606
