Input_data,loss
obsv,1.856009487468881
intv,0.0001670765339103936
diff_mod,4.550333324053271e-05
diff_mod_rand,0.00010335551945367585
