Input_data,loss
obsv,336.0378134008858
intv,13672.458996507123
diff_mod,25313.08433955508
diff_mod_rand,14719.980631883824
