Input_data,loss
obsv,352.89349168213744
intv,14290.23700566382
ood,12452.726095128619
ood_intv,10393.244455343522
diff_mod,25933.33675212997
diff_mod_rand,48825.82316075029
