Input_data,loss
obsv,235.06993949500884
intv,262.16654560585283
ood,15726.332695164041
ood_intv,10314.00273331844
diff_mod,10186.195395823343
diff_mod_rand,147867.79496464977
