Input_data,loss
obsv,3.347584612680393e-06
intv,0.00035716402433756455
diff_mod,5.663785697943938e-05
diff_mod_rand,9.626547440459719
