Input_data,loss
obsv,401.1386061229145
intv,0.0005057846897408263
ood,280.5594410348413
ood_intv,61.07415732366246
diff_mod,8.020506302685119e-05
diff_mod_rand,3.736610824977097
