Input_data,loss
obsv,50.16593473487606
intv,45.34062955125812
ood,6746.621428729038
ood_intv,5582.8433910991735
diff_mod,352.31066556683595
diff_mod_rand,50.88429035122823
