Input_data,loss
obsv,237.5034544698865
intv,198.70772946754613
ood,6305.7681037356615
ood_intv,5342.176191291793
diff_mod,260.97049129573725
diff_mod_rand,233.85385950238611
