Input_data,loss
obsv,12.724025236966941
intv,15.686463620948683
diff_mod,317.28824609016146
diff_mod_rand,13.788564207578311
