Input_data,loss,variance
obsv,1.0607414929420546e-11
intv,1.1703719643097489e-11
diff_mod,0.041886168611091366
diff_mod_rand,1.0607414929420546e-11
,,0.007853685400634872
