Input_data,loss,variance
obsv,5.9028805454719446e-12
intv,6.9447955441948036e-12
ood,5.9028805454719446e-12
ood_intv,5.9028805454719446e-12
diff_mod,0.04737188423750352
diff_mod_rand,5.9028805454719446e-12
,,0.006579430577042233
