Input_data,loss
obsv,26.52071259855297
intv,69.76263594490466
ood,232.8280078551026
ood_intv,551.1635272685982
diff_mod,272.3359903811771
diff_mod_rand,88.42298009968162
