Input_data,loss
obsv,20.467767426202773
intv,15.207359791920753
diff_mod,213.4864135103153
diff_mod_rand,61.6168901397218
