Input_data,loss
obsv,39.602288654645044
intv,243.0098189082202
ood,276.3852379794287
ood_intv,434.9685084443253
diff_mod,647.9958636529582
diff_mod_rand,278.35561034111544
