Input_data,loss
obsv,50.99429871719611
intv,49.496547158733826
ood,277662.3549871533
ood_intv,50448.73458778475
diff_mod,60.86614660706274
diff_mod_rand,60.86614660706274
