Input_data,loss
obsv,235.44482385446813
intv,236.01196849108882
ood,85449.21485467986
ood_intv,44724.525735575684
diff_mod,234.94771151151963
diff_mod_rand,234.94771151151963
