Input_data,loss
obsv,13.78514758369536
intv,12.678267011943195
diff_mod,24.492907703132367
diff_mod_rand,24.492907703132367
