Input_data,loss
obsv,3.6899124267900274
intv,3.2440254999379774e-05
diff_mod,6.970878424766327e-05
diff_mod_rand,0.03199527309832961
