Input_data,loss
obsv,230.11356853266213
intv,4.594355283313441e-05
ood,284.3557123501263
ood_intv,2.704817215193421
diff_mod,9.871039543511854e-05
diff_mod_rand,0.014971258988381973
