Input_data,loss
obsv,234.73665312485238
intv,7629.887523511397
ood,20076.249043530996
ood_intv,3548.068588214844
diff_mod,5200.330268461898
diff_mod_rand,7568.921486900419
