Input_data,loss
obsv,49.86121903026552
intv,65267.92796170182
ood,137170.23510601788
ood_intv,12841.010394677147
diff_mod,7545.871616135371
diff_mod_rand,56113.616940662934
