Input_data,loss
obsv,12.933473314804335
intv,80149.4089657674
diff_mod,6236.263866655805
diff_mod_rand,70043.11177210516
