Input_data,loss
obsv,3.233809430499748e-05
intv,34.05507935845477
diff_mod,412.28841131614774
diff_mod_rand,79.65874776212752
