Input_data,loss
obsv,4.5791777980620324e-05
intv,60.58716893114006
ood,257.1956771344571
ood_intv,247.47550397398552
diff_mod,309.93159100002055
diff_mod_rand,215.18656014996728
