Input_data,loss
obsv,51.32679196797424
intv,49.19542343748659
ood,14246.123559579992
ood_intv,3474.122490195385
diff_mod,348.45718872723825
diff_mod_rand,129.18616102224894
