Input_data,loss
obsv,14.224414848854067
intv,20.40693613908836
diff_mod,328.85023131955296
diff_mod_rand,78.29453174004098
