Input_data,loss
obsv,233.62637798325937
intv,204.75822443574575
ood,2742.3060771354985
ood_intv,2643.791434650043
diff_mod,209.21620310497883
diff_mod_rand,311.6046722238162
