Input_data,A,A_var,B,B_var,C,C_var,D,D_var,E,E_var,Avg_variances
obsv,-0.005154420883777049,0.0007443590226854717,-0.0012902590603707834,5.408368827945167e-05,0.00019999215252361444,4.951862211431229e-05,-2.000034600603975,1.2252427069606473e-05,0.20170157576722686,0.000528072568116885,0.00027765726565314537
intv,-0.001772616966685251,0.0006519617774206046,-0.000310026792182878,3.117651243046173e-05,-0.0012782571264532455,2.216963091772019e-05,-1.9999767110375997,1.2392065278817876e-05,0.19604341765913272,0.0001512637743101377,0.0001737927520715484
ood_obsv,0.00019805316847260878,0.0001582783671743112,0.0006329022782214524,3.3983982633032705e-05,0.0005495758236513631,5.699534291927005e-05,-1.3648163262299402,6.248443021981347,0.16415613494996414,0.000994826875478029,1.2499374213099104
ood_intv,-0.0017328118251729438,0.0012190026856199621,-0.00026286778840163913,1.1766827597834409e-05,-4.021492932318314e-05,2.742064697567804e-06,-2.222293336997589,7.172708847854375,0.1639224128810921,0.00061884760317749,1.4349122414070936
diff_mod,0.0019038911918525731,0.00013121377694677087,-0.00209295600889497,7.315860098299008e-05,0.0011032533010033316,0.0001442881074717691,-2.000019848879165,1.6826866315895178e-05,0.19791163798124725,0.0007832224349627846,0.00022974195733604198
rand_mod,0.003571619791320687,0.0014841777281486624,-0.0008271805510881706,0.00023112614953681214,-0.00023493428932947594,3.434105380062637e-06,-2.00018889501939,4.638959493415558e-05,0.19382883155348918,0.001680122131246079,0.0006890499418491543
Total,-0.0004977142539982282,0.0007394400663608085,-0.0006917313204528314,7.328667508072918e-05,4.9902488678734256e-05,4.706381381430066e-05,-1.9312216197946095,2.3076216003666183,0.18626066846535874,0.001045184905842417,0.46190531516554334
Var_of_avg,-0.0004977142539982291,7.94117336151133e-06,-0.0006917313204528314,7.3738150396546e-07,4.9902488678734086e-05,5.391682308502645e-07,-1.9312216197946095,0.070748311901729,0.18626066846535871,0.0002524590079605159
Average_total_variance,0.46190531516554334
