Input_data,A,A_var,B,B_var,C,C_var,D,D_var,E,E_var,Avg_variances
obsv,-0.0010632442272714402,0.0010442959408907535,-0.0007117147404605384,0.00010670277147504763,0.00024057105058332886,1.1685482061392453e-06,-2.0003032157074654,4.2112520672588153e-05,0.19982986533897334,0.00012238724205203085,0.0002633334046593119
intv,-0.0017955486188426456,4.545841630296845e-05,-0.005133938213844142,0.0030173909327027492,0.0009009236228422112,4.24088979086226e-05,-1.9928045550453448,0.01959009491887898,0.20009359658387565,7.526937568512621e-05,0.004554124508295688
ood_obsv,-0.0008779402491437477,6.602979036925344e-06,0.0004528110755756846,0.00017917491823607378,0.00022716330226147573,1.2801480583208998e-06,-2.0012269897177335,2.969805430912432e-05,0.1961731648911813,0.007685991036874182,0.0015805494273029251
ood_intv,-0.0010953682444312892,8.634148277315191e-06,0.0009256245238539274,5.096877715715819e-05,0.0004032692839383962,1.2203279546523951e-06,-2.001816914188963,6.945336507990823e-05,0.20053399027310612,5.492519695868854e-06,2.715382763298057e-05
diff_mod,0.007051580015281045,0.039711710813997575,-0.0015737711843223114,0.00012570073354104764,0.0001304998978666536,2.771369391596547e-06,-2.0009792188545394,0.002947434225919801,0.2003545823836899,0.00021363624344274433,0.008600250677258553
rand_mod,-0.0036271641605650855,0.0013836892564176209,-0.005803422447660866,0.005288596291848044,-0.0012239785325167602,0.0009207528825491304,-2.0034827332592764,0.03145875036055812,0.20144206280507404,0.0002509403610655579,0.007860545830487694
Total,-0.00023461424749552577,0.0070448779143689085,-0.0019740684978097043,0.0014682058153811972,0.00011307477082921743,0.00016202072990048583,-2.0001022711288874,0.00903454033973904,0.19973787704598286,0.0013950795534405417,0.0038209448705660344
Var_of_avg,-0.0002346142474955272,1.1479321881710052e-05,-0.0019740684978097078,6.78341122117184e-06,0.00011307477082921752,4.203675557421725e-07,-2.000102271128887,1.1616432169289633e-05,0.19973787704598336,2.7934236379536717e-06
Average_total_variance,0.0038209448705660344
