Input_data,A,A_var,B,B_var,C,C_var,D,D_var,E,E_var,Avg_variances
obsv,0.47508459567069244,0.045704091965439106,-0.6760918622765422,0.0027601620465844312,-0.08047911679979335,0.014880581191738787,-1.5682609121740703,0.0006083307951447723,0.20118446239691187,7.544379941257203e-05,0.012805721959663934
intv,0.45929720775478644,0.025198522292080545,-0.6800648235830457,0.0003325734808620657,-0.09782276856960037,0.0009380225387281769,-1.5688997349991929,0.00013301064704851403,0.20217226889329867,3.7395888941809164e-05,0.0053279049695322215
ood_obsv,0.4813001665196757,1.1318540277677374,-0.6691430958597598,0.0016816362549673676,-0.0809802715437074,0.010576187839559477,-1.574338281666278,0.0020008484187483736,0.20552066797780252,0.0024501020164079575,0.22971256045948413
ood_intv,0.48796591867966477,1.281450723024153,-0.6832440939220392,0.0025854613844925535,-0.08016911910930664,0.003458176860295071,-1.5568351682617165,0.013205086759378502,0.20003493502709108,5.696688946612095e-05,0.260151282983557
diff_mod,0.4483218437785087,0.07013313357175628,-0.681635449529795,0.0023351628254041886,-0.06875263782234467,0.040106508524794526,-1.561862945986632,0.0009197175214559666,0.2027267540224738,0.0034273024524785656,0.023384364979177903
rand_mod,0.46764105397746547,0.383657055185157,-0.7105044312460332,0.06356305692907036,-0.09173480542931138,0.0016113415353409422,-1.5708106306167253,0.00779040856288433,0.21972051553159463,0.011752384358473358,0.09367484931418521
Total,0.4699351310634655,0.4898439844190506,-0.6834472927362021,0.012377269872397133,-0.08332311987901068,0.012014606452743395,-1.5668346122841017,0.004143420315062259,0.20522660064152892,0.0030114376497678173,0.10427814374180425
Var_of_avg,0.4699351310634656,0.00017772545133040103,-0.6834472927362025,0.0001675943855003061,-0.08332311987901063,8.61367043339013e-05,-1.5668346122841026,3.385319761884853e-05,0.20522660064152876,4.483841557108537e-05
Average_total_variance,0.10427814374180425
