Input_data,A,A_var,B,B_var,C,C_var,D,D_var,E,E_var,Avg_variances
obsv,-0.00021093742661005218,0.0011086207941954675,0.00038101896761079005,0.00014617425555853936,-0.00016930150952847894,1.8262758989920313e-05,-1.9991821662665774,4.4362683172725313e-05,0.19943515921731317,1.828952684015418e-05,0.0002671420037513613
intv,-0.014051344126436804,0.10277613886898962,0.001998383436410835,0.00020322206351381628,0.0010083036112298817,0.00030599042863455414,-1.9977199371749819,0.002690875639930518,0.19893609748662638,6.687986872715465e-05,0.02120862137395913
ood_obsv,-0.0016601072938460318,0.00021456490373771117,-0.0006507246589106266,0.0004240913342961763,0.0006964334637756717,1.3893173432853422e-05,-1.998774942382936,0.0006265856230175098,0.2250783556925807,0.3012816227603615,0.06051215155896915
ood_intv,-0.0007031470555013627,0.001814962915334962,-0.0003861952208856421,0.00015702301186571553,0.0003502409936208482,1.404632201204963e-05,-1.999857778638741,0.0006792919102364531,0.19895090849758407,0.0001924728987017959,0.0005715594116301953
diff_mod,-0.021601902036938143,0.21565913832162978,-0.001356890416660395,0.0014332563218022506,0.0001708705835368761,6.818650534079855e-06,-1.9990572363456243,0.00027868756964637625,0.1975071273232534,0.0024624471871950303,0.04396806961016151
rand_mod,0.0023658337066576308,0.000655144747519728,-0.0058091832374866925,0.012285969981430602,6.206032028810097e-05,0.00035361438719751275,-2.0057837846505215,0.005940013796540703,0.199862782170807,0.004568974493222624,0.004760743481182233
Total,-0.005976934038779123,0.05378120043124855,-0.000970598521653622,0.0024473972770263554,0.00035310124382048326,0.0001189272856011571,-2.0000626409098987,0.0017169205298361108,0.20329507173136038,0.051527208407094474,0.02191833078616133
Var_of_avg,-0.005976934038779126,7.64386726806277e-05,-0.0009705985216536218,5.774448948508942e-06,0.00035310124382048326,1.563321343290001e-07,-2.000062640909897,6.9509927453904494e-06,0.20329507173136077,9.542728458633755e-05
Average_total_variance,0.02191833078616133
