Input_data,A,A_var,B,B_var,C,C_var,D,D_var,E,E_var,Avg_variances
obsv,-0.006778689955257048,0.017367236811421105,0.006873551774577727,0.002628167527085916,0.000636975331527613,4.2929929860262534e-05,-2.0020605310596777,0.0007506694615559901,0.19950731384689155,0.00036435388101759724,0.004230671522188175
intv,0.020246937605414066,0.22483180403508482,0.019871851973063473,0.11456761205515972,0.0016802618800799433,0.0010533359106085134,-2.023469238082629,0.2269934751622482,0.1984194656639571,0.0004196636989527116,0.11357317817241079
ood_obsv,-0.0006548332137004843,0.004666351469307039,-0.028036411197601235,0.35460678400902385,0.002837467913980686,0.0013358701001439247,-1.976331652425786,1.8799796903786627,0.11519524355578412,5.494063786934586,1.5469304965783448
ood_intv,-0.010536310715506859,0.034389389787543675,-0.029572343431548284,0.09998193845832316,0.003927538183715024,0.0003089979668946331,-2.0094649031040936,0.781141690988691,0.2707695877139739,0.0698863550727124,0.19714167445483297
diff_mod,0.016531521776162454,0.18599924882068752,0.0018835011560248346,0.015011659611791883,-8.689671363735254e-05,2.775598221770921e-05,-1.999324784124241,0.0022035228489692264,0.19691559086425003,0.005327692088783844,0.041713975870490035
rand_mod,-0.0007517883294196689,0.029043013469018702,0.011720229294926898,0.0542173908334992,0.004174048855156478,0.0034777227145435085,-2.0215062382287403,0.32726240581212634,0.19177823690749443,0.03022103644944194,0.08884431385572594
Total,0.003009472861282076,0.08284731516658554,-0.0028766034050927806,0.10720125247117061,0.0021948992418037287,0.001043640523494772,-2.005359557837524,0.5366378176137155,0.19543090642539201,0.9354062769143668,0.3326272605378667
Var_of_avg,0.0030094728612820765,0.00013114110107495468,-0.0028766034050927646,0.00036566038869013766,0.002194899241803732,2.538422783347401e-06,-2.005359557837528,0.00024924183833967983,0.19543090642539185,0.0020257955601177217
Average_total_variance,0.3326272605378667
