Input_data,loss
obsv,101.60114720254252
intv,5.2671722929503544e-05
ood,100.35872377326639
ood_intv,17.366761863493277
diff_mod,0.006752837997328004
diff_mod_rand,2.6609432995914523e-05
