Input_data,loss
obsv,0.0019274749066511493
intv,3.7196514990150447e-05
diff_mod,0.015003715601265977
diff_mod_rand,1.8792190218818533e-05
