Input_data,loss
obsv,7.966185035183778e-05
intv,0.0031530755303833063
ood,71.68741446047811
ood_intv,68.35445782726646
diff_mod,2.588295384170491e-07
diff_mod_rand,0.0007292230102726832
