Input_data,loss
obsv,5.625768235053444e-05
intv,0.00430914537110155
diff_mod,1.8296539015297265e-07
diff_mod_rand,0.0005149557362061371
