Dataset,expression
obsv,b + (a * 3.5)
intv,((3.5 * a) - (-0.49999976 * d)) - -1.974574e-6
ood,(a * (sqrt(cos(cos(0.7608424 * 0.114953175))) - (-1.7673485 - sqrt(0.990855)))) + b
ood_intv,((3.5 * a) + (d * 0.5)) + -1.4966407e-7
diff_mod,(a - 0.3615579) + (((a * 0.4431839) + 0.527346) + (3.7695818 + ((0.50181895 * c) - 0.118905425)))
diff_mod_rand,(((a * 6.9998765) - ((cos(6.9976945) * 0.09178605) - d)) * 0.5000088) + 0.034597978
