Input_data,loss,variance
obsv,235.48237869599637
intv,235.51355795065132
diff_mod,219.94996967057597
diff_mod_rand,234.35018410877143
,,54.46976369215724
