Input_data,loss,variance
obsv,49.5485323371798
intv,49.54237165902766
diff_mod,344.6889905374969
diff_mod_rand,50.21725634209076
Average,69.28777451135575,123.49928771894878
