Input_data,loss,variance
obsv,49.5485323371798
intv,49.54237165902766
ood,83.94171584118021
ood_intv,5.389869219874384
diff_mod,344.6889905374969
diff_mod_rand,50.21725634209076
Average,62.69604964448843,97.22145598947496
