Epoch,train_loss,val_loss,test_loss,diff_seed_loss,out_of_domain_loss,diff_model_loss,diff_mod_rand_loss,intv_test_loss 
0,17.688199866450194,2.192832086669417,2.2803617121652575,2.400345328513322,3.1641008188948034,11.362718644062989,6.253526782096924,2.9770584897712977 
1,1.892801638777283,1.3418859427328143,1.4571208347220415,1.490573072479674,1.5814284379128367,11.341611939901487,5.732196285597093,2.1667692212024123 
2,0.9618721602512805,0.3490719775007973,0.3662503643726167,0.3652852415440435,1.1750200075563044,6.012841550586745,8.635927460395033,1.8095523671034244 
3,0.13009968141418402,0.04168347894314037,0.044867389688584405,0.04180456127478464,0.17116330838180147,4.238523700973019,12.745069383981171,2.28207308438104 
4,0.024507998706681203,0.022604487646573388,0.02427900224246413,0.023014542015715733,0.04163220762457911,3.7003090510042966,12.635643578784038,2.2376963305127218 
5,0.01715815959676437,0.018335482382484416,0.018613479190116147,0.021764453654103465,0.015490765564931053,3.591158687946154,12.415508380578103,2.2035793773572494 
6,0.01475454021904928,0.01324426994906326,0.012884218222093501,0.014010088959155453,0.011918685411066577,4.009227269963594,12.237482069118688,2.1764236807577646 
7,0.01153039554606728,0.010418567187833282,0.010028614121728828,0.011378555583313243,0.014413254253508968,3.874533321050694,12.308674772212907,2.1802118883888255 
8,0.010907900871119857,0.011206223828690694,0.010647289137700177,0.011915820304056978,0.011481352911471277,3.7857240128352716,11.988378249817469,2.1388388074749427 
