Input_data,loss
obsv,0.00017652885866991782
intv,0.00036666408329333783
ood,452.5687055835579
ood_intv,34.66405286024096
diff_mod,0.8565129260015291
diff_mod_rand,7.617581506379293e-06
