Input_data,loss
obsv,0.00012464902651640545
intv,0.00025892197824186936
diff_mod,2.244943528117488
diff_mod_rand,5.377316410087346e-06
