Input_data,loss
obsv,227.7436812040976
intv,66.7866919336687
ood,258.3826039849605
ood_intv,39.68349636684514
diff_mod,65.91938986982669
diff_mod_rand,65.49522608003926
