Input_data,loss
obsv,0.003139506582006813
intv,22.13929802976417
diff_mod,17.41659931192432
diff_mod_rand,25.383647076058566
