Input_data,loss
obsv,34.47611985953053
intv,0.0004806745774324637
ood,282.6337257410597
ood_intv,5.604890798065371
diff_mod,191.9255064227726
diff_mod_rand,0.004471427861736266
