Input_data,loss
obsv,0.3316498669520898
intv,0.00033944166247912175
diff_mod,268.0999506066258
diff_mod_rand,0.0031575390984930397
