Input_data,loss
obsv,235.51337190091226
intv,236.01857345021799
ood,46574.58784903264
ood_intv,38801.10976990362
diff_mod,53.97843786925414
diff_mod_rand,230.36654403158374
