Input_data,loss
obsv,49.54241318410049
intv,50.510126928537886
ood,61900.410151543234
ood_intv,10144.504383036749
diff_mod,197.28778184214957
diff_mod_rand,46.673495919311506
