Input_data,loss
obsv,12.676645850021547
intv,13.696502798597018
diff_mod,207.09111793232228
diff_mod_rand,10.14510734994236
