Input_data,loss
obsv,6.85569004900873e-08
intv,36.63047912371027
ood,263.9508209158811
ood_intv,391182.6460638785
diff_mod,186.98954598905598
diff_mod_rand,13.17237803838154
