Input_data,loss
obsv,4.836160921387056e-08
intv,68.05164990052229
diff_mod,223.29610215142347
diff_mod_rand,8.614018223389133
