Input_data,loss
obsv,50.17286550869716
intv,49.534490092311756
ood,137455.65286534568
ood_intv,1052.650565553859
diff_mod,348.6772936510082
diff_mod_rand,49.4978155482721
