Input_data,loss
obsv,12.734816536107877
intv,12.672697349723506
diff_mod,319.20100740322613
diff_mod_rand,12.690142236402025
