Input_data,loss
obsv,237.4624446153703
intv,235.55725131245808
ood,20403.5988492477
ood_intv,1639.9522782418103
diff_mod,243.70895443271885
diff_mod_rand,236.11771262171155
