Input_data,loss
obsv,235.48237869599637
intv,236.00898827566473
ood,3824.580636973637
ood_intv,3084.174601272511
diff_mod,287.1790031363545
diff_mod_rand,200.3982187995126
