Input_data,loss
obsv,12.679963827324876
intv,12.6779822595856
diff_mod,211.26718452185509
diff_mod_rand,16.710076739646418
