Input_data,loss
obsv,49.5485323371798
intv,49.49657086206375
ood,1141.027086148486
ood_intv,949.7234533561076
diff_mod,250.21338139345298
diff_mod_rand,46.14640107578054
